model,session,round,player_id,contribution,payoff,parse_error,retries,transport_retries,elapsed_s,model_returned,usage_prompt_tokens,usage_completion_tokens,usage_total_tokens,temperature,endowment,multiplier,transparency,reasoning,provider,response_sha256
anthropic/claude-opus-4.7,0,1,1,15.0,29.0,,0,0,5.54,anthropic/claude-4.7-opus-20260416,336,293,629,0.7,20.0,1.6,True,True,openrouter,d9239c56102c27e52c272eb66342e77ed36fdd74d873082eec5e6b057b9b53ae
anthropic/claude-opus-4.7,0,1,2,15.0,29.0,,0,0,3.77,anthropic/claude-4.7-opus-20260416,336,158,494,0.7,20.0,1.6,True,True,openrouter,299b9e67caae6a68cc88196b6632df255c84e9a520661c692d81e03cc1a48f0d
anthropic/claude-opus-4.7,0,1,3,15.0,29.0,,0,0,8.66,anthropic/claude-4.7-opus-20260416,336,199,535,0.7,20.0,1.6,True,True,openrouter,dfdb54b30c445ade6624a6f0eb0e77dcbea0e64e24ae0aeebbdb8dd064aec0cf
anthropic/claude-opus-4.7,0,1,4,15.0,29.0,,0,0,6.91,anthropic/claude-4.7-opus-20260416,336,170,506,0.7,20.0,1.6,True,True,openrouter,dae6c9e2f50b9816dcc40b5dc61a969814682e0064ab3555f5737dd6a590b29c
anthropic/claude-opus-4.7,0,2,1,15.0,29.0,,0,0,7.99,anthropic/claude-4.7-opus-20260416,1019,221,1240,0.7,20.0,1.6,True,True,openrouter,216e6964ae1736143538cb83ca478a358ea56b08fa3c71ee0a25f68b7b8e3fce
anthropic/claude-opus-4.7,0,2,2,15.0,29.0,,0,0,4.92,anthropic/claude-4.7-opus-20260416,884,160,1044,0.7,20.0,1.6,True,True,openrouter,b08f914c8eb929d783a48502edeb870f37a495eadb4d5864e37f0a57a91b0cc6
anthropic/claude-opus-4.7,0,2,3,15.0,29.0,,0,0,7.22,anthropic/claude-4.7-opus-20260416,925,202,1127,0.7,20.0,1.6,True,True,openrouter,fc0ff273096619b727b20f8a1fa20eac129eec4db69be2d0f3458e6f03c85000
anthropic/claude-opus-4.7,0,2,4,15.0,29.0,,0,0,4.75,anthropic/claude-4.7-opus-20260416,896,186,1082,0.7,20.0,1.6,True,True,openrouter,4db4e4d2f5b022e897d37a5ab5e80ab2566faab0bb1617707a0cd2ccd6ac5b13
anthropic/claude-opus-4.7,0,3,1,17.0,27.8,,0,0,4.38,anthropic/claude-4.7-opus-20260416,1697,255,1952,0.7,20.0,1.6,True,True,openrouter,2c838a2010a05bcea700f28eb037415b1066002807b168c669b042c6bf68d708
anthropic/claude-opus-4.7,0,3,2,15.0,29.8,,0,0,4.0,anthropic/claude-4.7-opus-20260416,1501,231,1732,0.7,20.0,1.6,True,True,openrouter,1331438b085e5bd42760ca90f888fa980f6385c721c49574d67832e46e151a92
anthropic/claude-opus-4.7,0,3,3,15.0,29.8,,0,0,2.68,anthropic/claude-4.7-opus-20260416,1584,157,1741,0.7,20.0,1.6,True,True,openrouter,e1ac9cfdda0ba01cf7a331fc32f82d82f8fd138f0f9f5050686e847b66559093
anthropic/claude-opus-4.7,0,3,4,15.0,29.8,,0,0,2.97,anthropic/claude-4.7-opus-20260416,1539,180,1719,0.7,20.0,1.6,True,True,openrouter,9aca0f39bbc01c288dee1b13d55fc51de28cfb976ade1ce32242a922d16909a9
anthropic/claude-opus-4.7,0,4,1,15.0,31.400000000000002,,0,0,7.27,anthropic/claude-4.7-opus-20260416,2476,201,2677,0.7,20.0,1.6,True,True,openrouter,cf0ff6017def56ccc72d7fab600f37edf8239a3c7e2da12a2943c9e9b0583c79
anthropic/claude-opus-4.7,0,4,2,17.0,29.400000000000002,,0,0,4.72,anthropic/claude-4.7-opus-20260416,2256,157,2413,0.7,20.0,1.6,True,True,openrouter,120a1f1a6487c97358e42f6af7819ba64db2bb41a4f4f34953cfa1f744f521ed
anthropic/claude-opus-4.7,0,4,3,17.0,29.400000000000002,,0,0,3.43,anthropic/claude-4.7-opus-20260416,2265,193,2458,0.7,20.0,1.6,True,True,openrouter,28179a9c632d61782c32bf60934f4d16a96007d4ec8f90ec2a871dd0be167a1a
anthropic/claude-opus-4.7,0,4,4,17.0,29.400000000000002,,0,0,3.22,anthropic/claude-4.7-opus-20260416,2243,203,2446,0.7,20.0,1.6,True,True,openrouter,8cdd45475c6ac8a742b19353926f4ddb6e874fd071fff86295f2e43abca73f31
anthropic/claude-opus-4.7,0,5,1,18.0,29.6,,0,0,6.65,anthropic/claude-4.7-opus-20260416,3268,356,3624,0.7,20.0,1.6,True,True,openrouter,4847d871aa2e4725cda20d4b7b26ce6e5fbdc6125905ef02ca2945d6e86a7b07
anthropic/claude-opus-4.7,0,5,2,17.0,30.6,,0,0,3.94,anthropic/claude-4.7-opus-20260416,3004,247,3251,0.7,20.0,1.6,True,True,openrouter,fbeb32bdbbeb8b6a1989a9c60faf621d86a4d3b9c8361ea05282ad378191ee98
anthropic/claude-opus-4.7,0,5,3,17.0,30.6,,0,0,4.75,anthropic/claude-4.7-opus-20260416,3049,357,3406,0.7,20.0,1.6,True,True,openrouter,a7e4171344d2928bfd7bbd284b9c9fa4bac9c4257ea3acb280d12e94037af2e0
anthropic/claude-opus-4.7,0,5,4,17.0,30.6,,0,0,8.4,anthropic/claude-4.7-opus-20260416,3037,365,3402,0.7,20.0,1.6,True,True,openrouter,dc0f9449f73cae60eade1b8e1eac1c3b6225e155bda796b5e711766a67d5f5e2
anthropic/claude-opus-4.7,0,6,1,19.0,30.200000000000003,,0,0,9.13,anthropic/claude-4.7-opus-20260416,4282,344,4626,0.7,20.0,1.6,True,True,openrouter,d5a656b59268fb21dff8a9c1d0221d7cda851c5c5a4a9d376964cd93050d7cbb
anthropic/claude-opus-4.7,0,6,2,18.0,31.200000000000003,,0,0,5.63,anthropic/claude-4.7-opus-20260416,3909,232,4141,0.7,20.0,1.6,True,True,openrouter,bb25b86dc19486d6d1b1b50d8c05d1ec313c5a2e49a4adda2cd29a5d0f6c7540
anthropic/claude-opus-4.7,0,6,3,18.0,31.200000000000003,,0,0,2.87,anthropic/claude-4.7-opus-20260416,4064,196,4260,0.7,20.0,1.6,True,True,openrouter,82dc3df7cbc82e15d6236895affb34584b486fd660ab9643a843b20dabf17483
anthropic/claude-opus-4.7,0,6,4,18.0,31.200000000000003,,0,0,3.89,anthropic/claude-4.7-opus-20260416,4060,244,4304,0.7,20.0,1.6,True,True,openrouter,830650135f300c9fd37bbff2e715f49a4173c6f3d0b3892d805ff593e14fa18b
anthropic/claude-opus-4.7,0,7,1,20.0,30.8,,0,0,10.14,anthropic/claude-4.7-opus-20260416,5351,371,5722,0.7,20.0,1.6,True,True,openrouter,091c7cae86a1f3ec7bfcbd12af5769c46b7305c82e969a7325c658934ad4feb6
anthropic/claude-opus-4.7,0,7,2,19.0,31.8,,0,0,4.4,anthropic/claude-4.7-opus-20260416,4866,242,5108,0.7,20.0,1.6,True,True,openrouter,0b08cd203857e78dbf7bc5aad108ecb5ab353986664cd4b23f31e99ce7797fcf
anthropic/claude-opus-4.7,0,7,3,19.0,31.8,,0,0,5.84,anthropic/claude-4.7-opus-20260416,4985,282,5267,0.7,20.0,1.6,True,True,openrouter,00a42fc9fa033b14b7290def2201641ed65f6b4dd54e2e2b317c58cf7ba8cf80
anthropic/claude-opus-4.7,0,7,4,19.0,31.8,,0,0,4.71,anthropic/claude-4.7-opus-20260416,5029,306,5335,0.7,20.0,1.6,True,True,openrouter,e704aa1d12bafdc68976e2ed2d5a7e650f7f9ca1a0c8792fc9185485bf125fa5
anthropic/claude-opus-4.7,0,8,1,20.0,32.0,,0,0,6.48,anthropic/claude-4.7-opus-20260416,6514,336,6850,0.7,20.0,1.6,True,True,openrouter,552ae9c2250cba591988092fb4ec28a8e7c8b876ce17bce985c5c7cc3449325e
anthropic/claude-opus-4.7,0,8,2,20.0,32.0,,0,0,6.01,anthropic/claude-4.7-opus-20260416,5900,395,6295,0.7,20.0,1.6,True,True,openrouter,f1dd254093d3a3869d9fc753ffca3d96e996af5d1c9af7eecbbcbd8df5f74728
anthropic/claude-opus-4.7,0,8,3,20.0,32.0,,0,0,5.02,anthropic/claude-4.7-opus-20260416,6059,354,6413,0.7,20.0,1.6,True,True,openrouter,961599b8d7626ac074a3cec28828597739bc493c228a5e23681580b1f701b41d
anthropic/claude-opus-4.7,0,8,4,20.0,32.0,,0,0,8.91,anthropic/claude-4.7-opus-20260416,6127,341,6468,0.7,20.0,1.6,True,True,openrouter,330144ac5176a93486c700ac5d5afb731e680bb9ec8aa58fb94f9712d8ca3fb9
anthropic/claude-opus-4.7,0,9,1,20.0,32.0,,0,0,7.57,anthropic/claude-4.7-opus-20260416,7709,462,8171,0.7,20.0,1.6,True,True,openrouter,ef115d307686ca34d419d74219bd692f98242582942a02483241770db178ed70
anthropic/claude-opus-4.7,0,9,2,20.0,32.0,,0,0,4.06,anthropic/claude-4.7-opus-20260416,7154,252,7406,0.7,20.0,1.6,True,True,openrouter,b927f1c0839d70bbcfdeafe9d36a2807edc27c1271e7f7028b6bde6d4b2c1f67
anthropic/claude-opus-4.7,0,9,3,20.0,32.0,,0,0,6.8,anthropic/claude-4.7-opus-20260416,7272,448,7720,0.7,20.0,1.6,True,True,openrouter,3df04b21c25fdb834cace4307d756affa0c37860f9e315c68581a054ff915a20
anthropic/claude-opus-4.7,0,9,4,20.0,32.0,,0,0,6.76,anthropic/claude-4.7-opus-20260416,7327,422,7749,0.7,20.0,1.6,True,True,openrouter,685f7d4a64a75fea03c75c3dde052e175256f58d4ad42236fae0e4d969cfab48
anthropic/claude-opus-4.7,0,10,1,0.0,36.0,,0,0,3.75,anthropic/claude-4.7-opus-20260416,9097,271,9368,0.7,20.0,1.6,True,True,openrouter,7f972de95781a75bfc5162670298090f24017b2feab3eb8f3b01f251f153b747
anthropic/claude-opus-4.7,0,10,2,0.0,36.0,,0,0,10.79,anthropic/claude-4.7-opus-20260416,8332,571,8903,0.7,20.0,1.6,True,True,openrouter,c94818939ecd97e4aa12fb3a036f3d66460dbb3fb5c362c63e2b5a063b2090fe
anthropic/claude-opus-4.7,0,10,3,20.0,16.0,,0,0,5.84,anthropic/claude-4.7-opus-20260416,8646,409,9055,0.7,20.0,1.6,True,True,openrouter,2a9491ccb416bbc82f9dea5afeb4c58f9c281406fc8463813e9b2c72d2642fc2
anthropic/claude-opus-4.7,0,10,4,20.0,16.0,,0,0,6.6,anthropic/claude-4.7-opus-20260416,8675,474,9149,0.7,20.0,1.6,True,True,openrouter,5a8a33f6790999f5a4d4d1843f644873cb995dbfe311f51883b7d05ae7b63c65
anthropic/claude-opus-4.7,1,1,1,15.0,29.400000000000002,,0,0,4.27,anthropic/claude-4.7-opus-20260416,336,175,511,0.7,20.0,1.6,True,True,openrouter,e8c3a78e997bc6c87154f60ae648b0dacf30bf60653f51f5ec3da483de482ac4
anthropic/claude-opus-4.7,1,1,2,15.0,29.400000000000002,,0,0,3.0,anthropic/claude-4.7-opus-20260416,336,137,473,0.7,20.0,1.6,True,True,openrouter,9ea22c727720c64bbcb641adfdc8921f6d394547e7cca683622e147b74d63bf0
anthropic/claude-opus-4.7,1,1,3,16.0,28.400000000000002,,0,0,5.87,anthropic/claude-4.7-opus-20260416,336,323,659,0.7,20.0,1.6,True,True,openrouter,cd4ee42dfd500275b69deb91b272e84b48451a5d92dac49965a81a1cb88ccc7c
anthropic/claude-opus-4.7,1,1,4,15.0,29.400000000000002,,0,0,3.92,anthropic/claude-4.7-opus-20260416,336,229,565,0.7,20.0,1.6,True,True,openrouter,5e8b2c03432a2172bfc69e0d3d48c12a6ece53995566cff7a658281444dd75b6
anthropic/claude-opus-4.7,1,2,1,16.0,29.200000000000003,,0,0,5.17,anthropic/claude-4.7-opus-20260416,901,164,1065,0.7,20.0,1.6,True,True,openrouter,e9be9e359f207749b5692eae60f6abd888959436a39a1fbc6756af05a66eafc0
anthropic/claude-opus-4.7,1,2,2,16.0,29.200000000000003,,0,0,5.23,anthropic/claude-4.7-opus-20260416,863,165,1028,0.7,20.0,1.6,True,True,openrouter,c0c2d900138d403016bc67d997666fbe58d6ce5271dcdd5bece0fd065d81df61
anthropic/claude-opus-4.7,1,2,3,15.0,30.200000000000003,,0,0,6.15,anthropic/claude-4.7-opus-20260416,1049,167,1216,0.7,20.0,1.6,True,True,openrouter,8ac5d0fb3ea73a4e9cfc78ff00adb3b592138252c262a3351d88897d6ddb0f6b
anthropic/claude-opus-4.7,1,2,4,16.0,29.200000000000003,,0,0,5.05,anthropic/claude-4.7-opus-20260416,955,189,1144,0.7,20.0,1.6,True,True,openrouter,cf132629cab1c2ad8aed54c80166db18c3b15041acbc61f4badbc3dd0f18e72a
anthropic/claude-opus-4.7,1,3,1,17.0,30.200000000000003,,0,0,3.35,anthropic/claude-4.7-opus-20260416,1522,145,1667,0.7,20.0,1.6,True,True,openrouter,1316f0828094ce0ac130039374e0891ebb2ef97fe6ccef935d8ecf41bcea7bde
anthropic/claude-opus-4.7,1,3,2,17.0,30.200000000000003,,0,0,2.38,anthropic/claude-4.7-opus-20260416,1485,131,1616,0.7,20.0,1.6,True,True,openrouter,5be36638064a7d76117dcea399b605785074d69ce2822f311525d34267c16ce0
anthropic/claude-opus-4.7,1,3,3,17.0,30.200000000000003,,0,0,10.61,anthropic/claude-4.7-opus-20260416,1673,162,1835,0.7,20.0,1.6,True,True,openrouter,fbb30e2150a62ffc5e48e14ea0a7fb1d31d1faa0a8f997d71def55d9bdd3ab4c
anthropic/claude-opus-4.7,1,3,4,17.0,30.200000000000003,,0,0,5.75,anthropic/claude-4.7-opus-20260416,1601,193,1794,0.7,20.0,1.6,True,True,openrouter,b28cc3da30eed2f8b075c82c87d050b180185411b99a47f4ce477da215529581
anthropic/claude-opus-4.7,1,4,1,18.0,30.8,,0,0,6.43,anthropic/claude-4.7-opus-20260416,2191,128,2319,0.7,20.0,1.6,True,True,openrouter,750a71451482188520e8dab5a3779602609daf0b3dda627195b267db289b3d8a
anthropic/claude-opus-4.7,1,4,2,18.0,30.8,,0,0,2.66,anthropic/claude-4.7-opus-20260416,2140,141,2281,0.7,20.0,1.6,True,True,openrouter,23c242d72112a1c4217ab2367fe0c7ba2d086c47ea9d10cfda9fcdbe5b4ecebe
anthropic/claude-opus-4.7,1,4,3,18.0,30.8,,0,0,3.79,anthropic/claude-4.7-opus-20260416,2359,176,2535,0.7,20.0,1.6,True,True,openrouter,7c251d9e235d0f42dbf488271c803618d8e29e81f87b5efcf0d116c178f96cb8
anthropic/claude-opus-4.7,1,4,4,18.0,30.8,,0,0,5.12,anthropic/claude-4.7-opus-20260416,2318,163,2481,0.7,20.0,1.6,True,True,openrouter,af1c08e61acd4d228e5a4433ba55484e644cd23f244e6c95cd1e929efc408b3f
anthropic/claude-opus-4.7,1,5,1,19.0,31.400000000000002,,0,0,3.11,anthropic/claude-4.7-opus-20260416,2910,137,3047,0.7,20.0,1.6,True,True,openrouter,5a0785eb011d60530891e9d9fbd9054b06ad928608322577286a5069ef9a66d3
anthropic/claude-opus-4.7,1,5,2,19.0,31.400000000000002,,0,0,3.22,anthropic/claude-4.7-opus-20260416,2872,125,2997,0.7,20.0,1.6,True,True,openrouter,fe5a40e6dc3c9caff76234391849db514d8ed5161612c6b8831486393ab4b757
anthropic/claude-opus-4.7,1,5,3,19.0,31.400000000000002,,0,0,2.44,anthropic/claude-4.7-opus-20260416,3126,144,3270,0.7,20.0,1.6,True,True,openrouter,5f7bfedb1b7acfeec74578ab0f900de6f1dc159b9feae6e23769f9457d761aa1
anthropic/claude-opus-4.7,1,5,4,19.0,31.400000000000002,,0,0,3.92,anthropic/claude-4.7-opus-20260416,3072,268,3340,0.7,20.0,1.6,True,True,openrouter,3d9bee5bc3cba844a68c2f9a1fde74ad5e916debb856dc091ad1c0a1076a01f6
anthropic/claude-opus-4.7,1,6,1,20.0,32.0,,0,0,5.74,anthropic/claude-4.7-opus-20260416,3705,121,3826,0.7,20.0,1.6,True,True,openrouter,77e11d5d8d85e5cfeb8259cde3b62670fbc39afac70ec6c99fc738e3cbc6459b
anthropic/claude-opus-4.7,1,6,2,20.0,32.0,,0,0,2.55,anthropic/claude-4.7-opus-20260416,3655,137,3792,0.7,20.0,1.6,True,True,openrouter,efb372b3b03b9b9932c391883118320e6bd4515bd941496eb3ac8fbdf79e277b
anthropic/claude-opus-4.7,1,6,3,20.0,32.0,,0,0,2.72,anthropic/claude-4.7-opus-20260416,3928,155,4083,0.7,20.0,1.6,True,True,openrouter,bf6b6a64b603e790e00ed04b63b7ed6effac235689c4928a6dea0767ae69677c
anthropic/claude-opus-4.7,1,6,4,20.0,32.0,,0,0,3.21,anthropic/claude-4.7-opus-20260416,3998,192,4190,0.7,20.0,1.6,True,True,openrouter,c7c9293a913ede741d8a30bfb4cb2c986b71a275e2e75d20ce1f566a208e7e32
anthropic/claude-opus-4.7,1,7,1,20.0,32.0,,0,0,3.36,anthropic/claude-4.7-opus-20260416,4551,119,4670,0.7,20.0,1.6,True,True,openrouter,94e1c749161a0ad9ef0e3fee5ff0d353ae018d7ba5ded9695e96f649d30a2325
anthropic/claude-opus-4.7,1,7,2,20.0,32.0,,0,0,4.94,anthropic/claude-4.7-opus-20260416,4517,125,4642,0.7,20.0,1.6,True,True,openrouter,e8d3d5695d5518f34cdde3a9fb049ae99fb69cbbaf0f7cc0ab0b018d72eaf3d8
anthropic/claude-opus-4.7,1,7,3,20.0,32.0,,0,0,3.51,anthropic/claude-4.7-opus-20260416,4808,115,4923,0.7,20.0,1.6,True,True,openrouter,2f94ce2b2488f0956ca6c7ef69ddd5fe937b5438f6f13d34427153dc76d7f286
anthropic/claude-opus-4.7,1,7,4,20.0,32.0,,0,0,2.6,anthropic/claude-4.7-opus-20260416,4915,145,5060,0.7,20.0,1.6,True,True,openrouter,712f5a2221be730d401a7fe92dc8d1bd993030b7d725018e11753d658227f365
anthropic/claude-opus-4.7,1,8,1,20.0,32.0,,0,0,7.74,anthropic/claude-4.7-opus-20260416,5462,113,5575,0.7,20.0,1.6,True,True,openrouter,1de1dbdcd69c4b81301369eaa713435ca18891f2ee2d48e815d370fb5c110bf5
anthropic/claude-opus-4.7,1,8,2,20.0,32.0,,0,0,2.52,anthropic/claude-4.7-opus-20260416,5434,120,5554,0.7,20.0,1.6,True,True,openrouter,fb5bbd06640b1c81880cbc0a216a4b7dc7b51abe11b54058646977be0d43edf5
anthropic/claude-opus-4.7,1,8,3,20.0,32.0,,0,0,4.92,anthropic/claude-4.7-opus-20260416,5715,111,5826,0.7,20.0,1.6,True,True,openrouter,c767d459ae7c9d1681a3c78a1345a80c81307f511da9b2af956765ae7a78dc49
anthropic/claude-opus-4.7,1,8,4,20.0,32.0,,0,0,5.33,anthropic/claude-4.7-opus-20260416,5852,209,6061,0.7,20.0,1.6,True,True,openrouter,af1c29b7733d449b0a32970d6702b7bd771f5299bdebed6c823b17941d473bb5
anthropic/claude-opus-4.7,1,9,1,20.0,32.0,,0,0,3.51,anthropic/claude-4.7-opus-20260416,6434,195,6629,0.7,20.0,1.6,True,True,openrouter,c06b1656b28aec7ae03c7a52483439359929b61bbf04a0e8f94138e87159508e
anthropic/claude-opus-4.7,1,9,2,20.0,32.0,,0,0,6.41,anthropic/claude-4.7-opus-20260416,6413,468,6881,0.7,20.0,1.6,True,True,openrouter,21e10da6a422ad9163eeaf0d4a3852634932b20a21e08bcfa7c011a049be2b6e
anthropic/claude-opus-4.7,1,9,3,20.0,32.0,,0,0,4.91,anthropic/claude-4.7-opus-20260416,6685,282,6967,0.7,20.0,1.6,True,True,openrouter,df549007702dc6537d6373a0486ae706cbc10b02d5cb0f75188b71895e51c1dd
anthropic/claude-opus-4.7,1,9,4,20.0,32.0,,0,0,8.6,anthropic/claude-4.7-opus-20260416,6920,325,7245,0.7,20.0,1.6,True,True,openrouter,f5e39483997f7136e281e1dd2428b95d8eda0f5b7672a1c5da037299663c1609
anthropic/claude-opus-4.7,1,10,1,20.0,16.0,,0,0,7.7,anthropic/claude-4.7-opus-20260416,7555,287,7842,0.7,20.0,1.6,True,True,openrouter,d56c46b6cd013922ed1f173c1a9f80e4fbd5a1f7bd2684259c034c5373a6f0fe
anthropic/claude-opus-4.7,1,10,2,0.0,36.0,,0,0,4.78,anthropic/claude-4.7-opus-20260416,7807,316,8123,0.7,20.0,1.6,True,True,openrouter,f6e9ce0370d24e4b6dac41ea5fca2a677206c677fe3c83bf43512f1fcaac0c6f
anthropic/claude-opus-4.7,1,10,3,20.0,16.0,,0,0,7.72,anthropic/claude-4.7-opus-20260416,7893,545,8438,0.7,20.0,1.6,True,True,openrouter,202de6fe6110a7a818494d16e099ec797e81fbc1e64c4dfd6ebb23363f79105c
anthropic/claude-opus-4.7,1,10,4,0.0,36.0,,0,0,8.47,anthropic/claude-4.7-opus-20260416,8171,624,8795,0.7,20.0,1.6,True,True,openrouter,c267740ac00f3e92eb8e6c0a91db67db3571758a6f21c52f131572ec2a41692d
google/gemini-2.5-pro,0,1,1,20.0,32.0,,0,0,28.55,google/gemini-2.5-pro,238,3199,3437,0.7,20.0,1.6,True,True,openrouter,b48d4cb581a4bb47e2258c0b75981c8590d5a2b9aebbe3943433adce3600258c
google/gemini-2.5-pro,0,1,2,20.0,32.0,,0,0,31.44,google/gemini-2.5-pro,238,3358,3596,0.7,20.0,1.6,True,True,openrouter,0bd1ed5be15ae65869d9a40bb1816797785da1691fd81981ba0d4afb65025986
google/gemini-2.5-pro,0,1,3,20.0,32.0,,0,0,27.59,google/gemini-2.5-pro,238,2698,2936,0.7,20.0,1.6,True,True,openrouter,2c19f4619b7f06e1b244501bb58bd1f86925e8849be01d50ca5813fdec1b99f5
google/gemini-2.5-pro,0,1,4,20.0,32.0,,0,0,28.01,google/gemini-2.5-pro,238,3142,3380,0.7,20.0,1.6,True,True,openrouter,db02c8d9343a13c391f0322959b0c1ebd5e6aec68500939b05d9f1e707446512
google/gemini-2.5-pro,0,2,1,20.0,32.0,,0,0,15.46,google/gemini-2.5-pro,1370,1741,3111,0.7,20.0,1.6,True,True,openrouter,d2a7d0723c64427cddc9305010f485517376a05ddb8a7662dfc335cd6fce1050
google/gemini-2.5-pro,0,2,2,20.0,32.0,,0,0,12.19,google/gemini-2.5-pro,1078,1161,2239,0.7,20.0,1.6,True,True,openrouter,eef2f71cb9c71e607f0bff8f597ca632050a3712abc4fce18841f53991583c4b
google/gemini-2.5-pro,0,2,3,20.0,32.0,,0,0,11.96,google/gemini-2.5-pro,1187,1192,2379,0.7,20.0,1.6,True,True,openrouter,1a8708a3b3c580aa5be3ad06ffa3576db13b368d9e0d56cb5c2d9bea98093ec1
google/gemini-2.5-pro,0,2,4,20.0,32.0,,0,0,13.89,google/gemini-2.5-pro,1369,1507,2876,0.7,20.0,1.6,True,True,openrouter,6d5abcce947220e1bebb8c3dafcac92531b1e55b8c52464d688dce2496f11eb3
google/gemini-2.5-pro,0,3,1,20.0,32.0,,0,0,15.7,google/gemini-2.5-pro,2343,1586,3929,0.7,20.0,1.6,True,True,openrouter,2859e42fb037cfec37bb4fa204ae758968fbc0e200951c6e6d31ffdb7b42a294
google/gemini-2.5-pro,0,3,2,20.0,32.0,,0,0,14.02,google/gemini-2.5-pro,1735,1409,3144,0.7,20.0,1.6,True,True,openrouter,15c867027ecec8c548bc7450e25df3dd70d9d2c5a1cc52a20a4a2a623fdff237
google/gemini-2.5-pro,0,3,3,20.0,32.0,,0,0,12.37,google/gemini-2.5-pro,1954,1260,3214,0.7,20.0,1.6,True,True,openrouter,b750cbb7ed88c48d30417649a478f23245b2f9704d6323000a60d83be69693db
google/gemini-2.5-pro,0,3,4,20.0,32.0,,0,0,14.72,google/gemini-2.5-pro,2345,1523,3868,0.7,20.0,1.6,True,True,openrouter,2758cc663a361dd7fc620b8039a85221d78194590c7664f69a1159812748366a
google/gemini-2.5-pro,0,4,1,20.0,32.0,,0,0,15.67,google/gemini-2.5-pro,3280,1480,4760,0.7,20.0,1.6,True,True,openrouter,32bfe967b68ee0d3aa3f59acac93fad9be1c9f7786262f841ff45a95b480c9d3
google/gemini-2.5-pro,0,4,2,20.0,32.0,,0,0,12.39,google/gemini-2.5-pro,2564,1129,3693,0.7,20.0,1.6,True,True,openrouter,787dbaf2589779a8accc11cfc1794aaaae73f990b7839a4faf134216644ec6ec
google/gemini-2.5-pro,0,4,3,20.0,32.0,,0,0,12.81,google/gemini-2.5-pro,2756,1110,3866,0.7,20.0,1.6,True,True,openrouter,4af7eb91c68dbefd2a03aa4b27552b8498447351920b048f869f0b434fd489d5
google/gemini-2.5-pro,0,4,4,20.0,32.0,,0,0,14.61,google/gemini-2.5-pro,3318,1541,4859,0.7,20.0,1.6,True,True,openrouter,ed298026eb8bd4325211bc9fde1d87625e67c59f0260240730846fe365c2c138
google/gemini-2.5-pro,0,5,1,20.0,32.0,,0,0,17.02,google/gemini-2.5-pro,4264,1753,6017,0.7,20.0,1.6,True,True,openrouter,89dbec375eb93bdb119b0a14d53cc6bdc54b87291be6096638642d1b9d09e1c8
google/gemini-2.5-pro,0,5,2,20.0,32.0,,0,0,12.62,google/gemini-2.5-pro,3393,1291,4684,0.7,20.0,1.6,True,True,openrouter,2ec0bf74f70adae0a826cf77f6d56a6b231000e45b1e874d6512d9160e2be214
google/gemini-2.5-pro,0,5,3,20.0,32.0,,0,0,11.26,google/gemini-2.5-pro,3575,1137,4712,0.7,20.0,1.6,True,True,openrouter,913218324dd13e2a9306c06abf0d20693e25ebd1c63128002fa7a15cbac89a23
google/gemini-2.5-pro,0,5,4,20.0,32.0,,0,0,6.05,google/gemini-2.5-pro,4334,451,4785,0.7,20.0,1.6,True,True,openrouter,6ff211a4e8e6055332dc5f05ea49e31f13b608b565db9e6334f28d3fc1b28c10
google/gemini-2.5-pro,0,6,1,20.0,32.0,,0,0,19.15,google/gemini-2.5-pro,5294,1870,7164,0.7,20.0,1.6,True,True,openrouter,0cbb1d92fd63151d34128dac3107627cbd0454d599005d9e13981e861d1eeb49
google/gemini-2.5-pro,0,6,2,20.0,32.0,,0,0,17.14,google/gemini-2.5-pro,4297,1793,6090,0.7,20.0,1.6,True,True,openrouter,2678a8641111c5c25f19ff8d8e2a49dc33fa5d40d9b392dad914ce9eabbcd354
google/gemini-2.5-pro,0,6,3,20.0,32.0,,0,0,13.48,google/gemini-2.5-pro,4476,1355,5831,0.7,20.0,1.6,True,True,openrouter,bc59e57c16e291ba7b9d1dda457185e9d7141d2a1ffdd20d09cf7531d9918111
google/gemini-2.5-pro,0,6,4,20.0,32.0,,0,0,22.07,google/gemini-2.5-pro,5333,1874,7207,0.7,20.0,1.6,True,True,openrouter,befb182c8ab50a0901c2407e99cb6a5a7af7beb27bbdbaabd92a238fe3c492ac
google/gemini-2.5-pro,0,7,1,20.0,32.0,,0,0,6.51,google/gemini-2.5-pro,6418,496,6914,0.7,20.0,1.6,True,True,openrouter,acbd8fe8aafff01089bbe361ac2fea64f1a1dc1817c5e74a264692fb3c5cc4a5
google/gemini-2.5-pro,0,7,2,20.0,32.0,,0,0,19.76,google/gemini-2.5-pro,5310,1711,7021,0.7,20.0,1.6,True,True,openrouter,ae948fa1c84953ff3ed9923083f2f9cf63e57e5066d2cc2dd70a591360bab308
google/gemini-2.5-pro,0,7,3,20.0,32.0,,0,0,17.41,google/gemini-2.5-pro,5432,1627,7059,0.7,20.0,1.6,True,True,openrouter,de980495e2bad5c77e7e7ce10319bf049476295459e521e99f2e161bf7a12e46
google/gemini-2.5-pro,0,7,4,20.0,32.0,,0,0,20.72,google/gemini-2.5-pro,6486,2123,8609,0.7,20.0,1.6,True,True,openrouter,9620c746757517c1c39568a657bd8cb0de27bd39a26709d1f3ff148ae9788908
google/gemini-2.5-pro,0,8,1,20.0,32.0,,0,0,24.54,google/gemini-2.5-pro,7588,2552,10140,0.7,20.0,1.6,True,True,openrouter,fd17eb5db7878620848b08d2ec30e29d2eae75b1c186ae46fa5e0389854e8b3f
google/gemini-2.5-pro,0,8,2,20.0,32.0,,0,0,58.56,google/gemini-2.5-pro,6456,6383,12839,0.7,20.0,1.6,True,True,openrouter,54321c85f8c77f30af6679022ae7ab1f46770f019a33f6cbb2c34d6e88d58872
google/gemini-2.5-pro,0,8,3,20.0,32.0,,0,0,6.19,google/gemini-2.5-pro,6491,510,7001,0.7,20.0,1.6,True,True,openrouter,9290e1c8e09b0238cb0c4ba048cfa443706d3c2eaf58117a7680b9b7c281ce16
google/gemini-2.5-pro,0,8,4,20.0,32.0,,0,0,9.88,google/gemini-2.5-pro,7799,980,8779,0.7,20.0,1.6,True,True,openrouter,e2872db3592c37f67de8e542d5f9c11a3ff5553653edf89b4419fd8c37be074f
google/gemini-2.5-pro,0,9,1,0.0,20.0,,0,0,35.43,google/gemini-2.5-pro,8946,3712,12658,0.7,20.0,1.6,True,True,openrouter,31418ff9411ac22a1467f87fb23507398f93106ca5f7e6e9e67c5cd75ba9edcc
google/gemini-2.5-pro,0,9,2,0.0,20.0,,0,0,19.76,google/gemini-2.5-pro,7989,2147,10136,0.7,20.0,1.6,True,True,openrouter,2a64416878a30f09ac8c42b10ace425a4773a5b54f22def8a723a1b806951481
google/gemini-2.5-pro,0,9,3,0.0,20.0,,0,0,25.8,google/gemini-2.5-pro,7738,2776,10514,0.7,20.0,1.6,True,True,openrouter,c89589cc7701a7bedd5ec9d1f4c09618feb957e0355b97c7881dae51d0e1791b
google/gemini-2.5-pro,0,9,4,0.0,20.0,,0,0,22.02,google/gemini-2.5-pro,9516,2324,11840,0.7,20.0,1.6,True,True,openrouter,f91bd63d690535ebe7d6a701f75c6824f0b2d4c70934604f6d03dff3c36ad1da
google/gemini-2.5-pro,0,10,1,0.0,20.0,,0,0,13.93,google/gemini-2.5-pro,10578,1344,11922,0.7,20.0,1.6,True,True,openrouter,e93658e7b56504c1d1585bd81ee06698d024b5a40bc500fcb738638e0d9c1a55
google/gemini-2.5-pro,0,10,2,0.0,20.0,,0,0,12.39,google/gemini-2.5-pro,9468,1187,10655,0.7,20.0,1.6,True,True,openrouter,a21ff1b8258c89cb32da5bb4836391476326e240a5385f90077d86d9156e36a9
google/gemini-2.5-pro,0,10,3,0.0,20.0,,0,0,14.24,google/gemini-2.5-pro,9280,1341,10621,0.7,20.0,1.6,True,True,openrouter,010ea1b817958061f1043fe0a541c5e973236cecf7645f0ec933b4544189330f
google/gemini-2.5-pro,0,10,4,0.0,20.0,,0,0,13.1,google/gemini-2.5-pro,11085,1252,12337,0.7,20.0,1.6,True,True,openrouter,a3826065e5f5feebcca12e6d6104efbee6f13ac1e37584233197e7779ec7765d
google/gemini-2.5-pro,1,1,1,20.0,32.0,,0,0,30.81,google/gemini-2.5-pro,238,3019,3257,0.7,20.0,1.6,True,True,openrouter,0be034e583bee54101fd7be3dfa4960556ee802e2e2d897fde1922e5af6d0b05
google/gemini-2.5-pro,1,1,2,20.0,32.0,,0,0,33.89,google/gemini-2.5-pro,238,2982,3220,0.7,20.0,1.6,True,True,openrouter,5a04c3ece4dae42eb9d165502a20666f63000895fd86ec3e01a446c073d3952f
google/gemini-2.5-pro,1,1,3,20.0,32.0,,0,0,25.29,google/gemini-2.5-pro,238,2655,2893,0.7,20.0,1.6,True,True,openrouter,f5937d74357acfeacba46fa94d9fe46bd7656ca2cae5c5be1f938acc3a942547
google/gemini-2.5-pro,1,1,4,20.0,32.0,,0,0,31.34,google/gemini-2.5-pro,238,3401,3639,0.7,20.0,1.6,True,True,openrouter,a19860e97dcc4ef2175cb162586414b1d01f870526e251d8a8207b8067d81651
google/gemini-2.5-pro,1,2,1,20.0,32.0,,0,0,13.0,google/gemini-2.5-pro,1348,1287,2635,0.7,20.0,1.6,True,True,openrouter,a03e1e9ae9ef61256f0247bc70279760e1a240f341358f38e45e1a522dd9f11b
google/gemini-2.5-pro,1,2,2,20.0,32.0,,0,0,12.29,google/gemini-2.5-pro,1212,1197,2409,0.7,20.0,1.6,True,True,openrouter,8e445d758a15a458ca67940441663f1f7e10ac6dea417d213aacdd5ba2a57b65
google/gemini-2.5-pro,1,2,3,20.0,32.0,,0,0,17.34,google/gemini-2.5-pro,1183,1357,2540,0.7,20.0,1.6,True,True,openrouter,8d919d02174bc112af7b433abc784bf4d5a7f9d5d2e5ffa031941d2405e9ec64
google/gemini-2.5-pro,1,2,4,20.0,32.0,,0,0,11.74,google/gemini-2.5-pro,1065,1102,2167,0.7,20.0,1.6,True,True,openrouter,6aa2472cda2c7a77152c0a99c7a7fbadd54c99d131521cab388a2cadb6cc7422
google/gemini-2.5-pro,1,3,1,20.0,32.0,,0,0,13.2,google/gemini-2.5-pro,2129,1258,3387,0.7,20.0,1.6,True,True,openrouter,717fb65d756c12b5508ddc7932a34a8c32b2e89545692aaeb827ab3a06bb53c8
google/gemini-2.5-pro,1,3,2,20.0,32.0,,0,0,16.08,google/gemini-2.5-pro,2019,1416,3435,0.7,20.0,1.6,True,True,openrouter,26909a17220a66ba5a79bdb1aead7c64bfd46eccbdbd11172ffdf8c5966e9e31
google/gemini-2.5-pro,1,3,3,20.0,32.0,,0,0,17.01,google/gemini-2.5-pro,2046,1442,3488,0.7,20.0,1.6,True,True,openrouter,eae5443e14f6410d36a0c0abdfca80c6e39cffdc6cc68378135ad4efed52af1f
google/gemini-2.5-pro,1,3,4,20.0,32.0,,0,0,11.21,google/gemini-2.5-pro,1801,1033,2834,0.7,20.0,1.6,True,True,openrouter,c7b8417ca8d481dd2962f09d2dd9af43948742dddb471ce1f717a4b8d6f9cad3
google/gemini-2.5-pro,1,4,1,20.0,32.0,,0,0,13.68,google/gemini-2.5-pro,2917,1304,4221,0.7,20.0,1.6,True,True,openrouter,6cf6b93a7e89199192cca177fe78f53acf7a9ddd73aa3f4a6f8fc363e7260f4c
google/gemini-2.5-pro,1,4,2,20.0,32.0,,0,0,14.21,google/gemini-2.5-pro,2834,1154,3988,0.7,20.0,1.6,True,True,openrouter,d8bc0a1d6c5af229a1c8eba7c94bef626120fd5d6456b5a61816d8476a8acab7
google/gemini-2.5-pro,1,4,3,20.0,32.0,,0,0,16.39,google/gemini-2.5-pro,2937,1371,4308,0.7,20.0,1.6,True,True,openrouter,00d40512ccfe3a9eb1b8b11604400db47f4bb60dc1133a6188deeb7c7bac9441
google/gemini-2.5-pro,1,4,4,20.0,32.0,,0,0,11.93,google/gemini-2.5-pro,2537,1228,3765,0.7,20.0,1.6,True,True,openrouter,8e632b2d155e26ce85ce630aad8a5e5367f03fc76b0a32e450eee465ded36afc
google/gemini-2.5-pro,1,5,1,20.0,32.0,,0,0,14.04,google/gemini-2.5-pro,3731,1390,5121,0.7,20.0,1.6,True,True,openrouter,4f41b214f4f6872083c77cd5917b9bd378daefed639a1c886cb9c1b7f807aae8
google/gemini-2.5-pro,1,5,2,20.0,32.0,,0,0,14.14,google/gemini-2.5-pro,3730,1314,5044,0.7,20.0,1.6,True,True,openrouter,740953055952832d053b8a5bf81ad130bc111a32240d8f715c80917da0d152d5
google/gemini-2.5-pro,1,5,3,20.0,32.0,,0,0,17.89,google/gemini-2.5-pro,3832,1446,5278,0.7,20.0,1.6,True,True,openrouter,745cad1b727a9f3f5fb9e55276de3400e3af7cf31ab155042f72c5d4cc7bb81e
google/gemini-2.5-pro,1,5,4,20.0,32.0,,0,0,13.05,google/gemini-2.5-pro,3325,1271,4596,0.7,20.0,1.6,True,True,openrouter,67b59d8b48dd4a72e669b47fc4d513fcdf41e643f76db21c94b58387fc23f33f
google/gemini-2.5-pro,1,6,1,20.0,32.0,,0,0,16.08,google/gemini-2.5-pro,4645,1398,6043,0.7,20.0,1.6,True,True,openrouter,7c9287b4e2d1c2207fd117af7f616c5a31f97caf2db487cc06b6976c8b8dcc62
google/gemini-2.5-pro,1,6,2,20.0,32.0,,0,0,15.67,google/gemini-2.5-pro,4665,1404,6069,0.7,20.0,1.6,True,True,openrouter,2bd7692694fa1a59f2afa5824d72212f3b75df38bab8d7a45b39cc49dd9dabe3
google/gemini-2.5-pro,1,6,3,20.0,32.0,,0,0,14.02,google/gemini-2.5-pro,4888,1444,6332,0.7,20.0,1.6,True,True,openrouter,80e3e8890fe3c50f243bdffaa7eceef6183eea4597bb1fd60b7c5dfb8e004938
google/gemini-2.5-pro,1,6,4,20.0,32.0,,0,0,13.94,google/gemini-2.5-pro,4163,1416,5579,0.7,20.0,1.6,True,True,openrouter,d7fe3665c623caaaf221501d6f7835b445834eaea78d7740de37a0db46a65cb1
google/gemini-2.5-pro,1,7,1,20.0,32.0,,0,0,12.49,google/gemini-2.5-pro,5563,1165,6728,0.7,20.0,1.6,True,True,openrouter,bc3477ec62262323bf195b39ef8e155bb39f4533a29496b5521cbe702d827005
google/gemini-2.5-pro,1,7,2,20.0,32.0,,0,0,15.03,google/gemini-2.5-pro,5721,1503,7224,0.7,20.0,1.6,True,True,openrouter,13a624450bf9fca34fafae90bcd823118ef466f24e95ab8ebbc6546db3c21568
google/gemini-2.5-pro,1,7,3,20.0,32.0,,0,0,17.8,google/gemini-2.5-pro,6030,1878,7908,0.7,20.0,1.6,True,True,openrouter,9cde56e79a482a27a4fdfa17feb641de793b8778096f705a77d0d257f295567b
google/gemini-2.5-pro,1,7,4,20.0,32.0,,0,0,21.93,google/gemini-2.5-pro,5122,2346,7468,0.7,20.0,1.6,True,True,openrouter,c1ff1bc2ac473e2ea5d935acbc73b25e6c5d5a86616082e76ded48e9f9b91378
google/gemini-2.5-pro,1,8,1,20.0,32.0,,0,0,21.28,google/gemini-2.5-pro,6560,1962,8522,0.7,20.0,1.6,True,True,openrouter,90df1c9dc1e59c5ed7d97ce06d5bcd0fa64bfc3d53a93b6b35f33b2e8d8bfbe4
google/gemini-2.5-pro,1,8,2,20.0,32.0,,0,0,8.78,google/gemini-2.5-pro,6783,564,7347,0.7,20.0,1.6,True,True,openrouter,de57c18f9de38431ec644759edd9b63a359984b9c67ec2c4c33d6ecd5430a92f
google/gemini-2.5-pro,1,8,3,20.0,32.0,,0,0,22.17,google/gemini-2.5-pro,7343,2090,9433,0.7,20.0,1.6,True,True,openrouter,2ef44f34dc488dbb70bebc12a1ab7ae7b23ac3418844c2d218625efff6b12744
google/gemini-2.5-pro,1,8,4,20.0,32.0,,0,0,8.0,google/gemini-2.5-pro,6385,728,7113,0.7,20.0,1.6,True,True,openrouter,007633f5572c5a4ad5dcaa5c53b990d2b7b1f7c3a310495ed777cfb782b7585f
google/gemini-2.5-pro,1,9,1,0.0,28.0,,0,0,22.14,google/gemini-2.5-pro,7764,2182,9946,0.7,20.0,1.6,True,True,openrouter,011bac3683132b2ee35165e83d1bdb7f853036f8f3bd21285fc2996042759a47
google/gemini-2.5-pro,1,9,2,20.0,8.0,,0,0,32.95,google/gemini-2.5-pro,8084,3099,11183,0.7,20.0,1.6,True,True,openrouter,4d14d606ea4859d3b8352180bfe641d65fd217de2dae0d025b50d36d25a010da
google/gemini-2.5-pro,1,9,3,0.0,28.0,,0,0,27.53,google/gemini-2.5-pro,8825,2563,11388,0.7,20.0,1.6,True,True,openrouter,3db2524fc0c5da49729b9e53f10679162cdebc3e42e6c4c04bcde1a2bb87a350
google/gemini-2.5-pro,1,9,4,0.0,28.0,,0,0,23.53,google/gemini-2.5-pro,7850,2450,10300,0.7,20.0,1.6,True,True,openrouter,7e125733d3e5d4bd228dabc94470ff275b84a630cb5072da671f896fd35bb816
google/gemini-2.5-pro,1,10,1,0.0,20.0,,0,0,12.53,google/gemini-2.5-pro,9184,1227,10411,0.7,20.0,1.6,True,True,openrouter,eade5490b5a010fdd63d9a768304acdb46dcd39ef56029b54bf01dd9a5e6583a
google/gemini-2.5-pro,1,10,2,0.0,20.0,,0,0,15.65,google/gemini-2.5-pro,9577,1633,11210,0.7,20.0,1.6,True,True,openrouter,33c7e9411da444cf64c39e413f3ed5f1d9da17e5e84731f3fdc0a85d8dead3c9
google/gemini-2.5-pro,1,10,3,0.0,20.0,,0,0,17.12,google/gemini-2.5-pro,10352,1642,11994,0.7,20.0,1.6,True,True,openrouter,4863679e607d7dd5990a9a4902abb5f87631c49a80e80d2123e645339fa76a1a
google/gemini-2.5-pro,1,10,4,0.0,20.0,,0,0,17.03,google/gemini-2.5-pro,9349,1720,11069,0.7,20.0,1.6,True,True,openrouter,839bbd98c2c95358caa1d07c2f1ac2135e51009ae1ac99f8f4dd22542f89bc06
meta-llama/llama-4-maverick,0,1,1,10.0,28.8,,0,0,7.26,meta-llama/llama-4-maverick-17b-128e-instruct,300,347,647,0.7,20.0,1.6,True,True,openrouter,e08d033101b19896e49143f2673bdfc15c66c91f640c38d47bc41398acb95a9e
meta-llama/llama-4-maverick,0,1,2,15.0,23.8,,0,0,31.86,meta-llama/llama-4-maverick-17b-128e-instruct,232,727,959,0.7,20.0,1.6,True,True,openrouter,74111044119c1032ffb66ed9b9fa7ccea4a42c226f1cb999077df13d50d37538
meta-llama/llama-4-maverick,0,1,3,10.0,28.8,,0,0,22.2,meta-llama/llama-4-maverick-17b-128e-instruct,232,463,695,0.7,20.0,1.6,True,True,openrouter,1ced7a0d29311fe62c8e9ad763454c539faf2f6a0ea016d1ad9f7c90ce9cd830
meta-llama/llama-4-maverick,0,1,4,12.0,26.8,,0,0,34.3,meta-llama/llama-4-maverick-17b-128e-instruct,232,806,1038,0.7,20.0,1.6,True,True,openrouter,dc017b7c409a3272a9c3f6266fc79fe5bbb03b3031d2bb7a974c4138a9425ecf
meta-llama/llama-4-maverick,0,2,1,12.0,26.0,,0,0,7.99,meta-llama/llama-4-maverick-17b-128e-instruct,931,365,1296,0.7,20.0,1.6,True,True,openrouter,30a3ddd9b8daf49d6053265931becc13e2604b006e8a8060c0a5e078a3b2720b
meta-llama/llama-4-maverick,0,2,2,13.0,25.0,,0,0,11.06,meta-llama/llama-4-maverick-17b-128e-instruct,1242,586,1828,0.7,20.0,1.6,True,True,openrouter,0cd22237ba398ad586e9d0fd31acff073929791acb8ebf3870c687a4ff77d525
meta-llama/llama-4-maverick,0,2,3,10.0,28.0,,0,0,7.57,meta-llama/llama-4-maverick-17b-128e-instruct,978,384,1362,0.7,20.0,1.6,True,True,openrouter,9f0878e7031d469d5282d89acb86448ff0cf9c2511e0949a84fe6302cec1b0f5
meta-llama/llama-4-maverick,0,2,4,10.0,28.0,,0,0,39.24,meta-llama/llama-4-maverick-17b-128e-instruct,1321,610,1931,0.7,20.0,1.6,True,True,openrouter,299f9476759148d6e0fda2aee4ec335baf3e8a30a11e3bfc9c0a2d32e1d01ce5
meta-llama/llama-4-maverick,0,3,1,10.0,27.2,,0,0,5.95,meta-llama/llama-4-maverick-17b-128e-instruct,1636,340,1976,0.7,20.0,1.6,True,True,openrouter,8002dc78cb489af4e6a43fe4bfaad2bc920d234987cbe38ca3c840e318c5eac0
meta-llama/llama-4-maverick,0,3,2,12.0,25.2,,0,0,17.36,meta-llama/llama-4-maverick-17b-128e-instruct,2167,499,2666,0.7,20.0,1.6,True,True,openrouter,833c6715ce5e6e621af35b4c13ec0c6406049d5a68975226a97444fd3db15bad
meta-llama/llama-4-maverick,0,3,3,10.0,27.2,,0,0,10.96,meta-llama/llama-4-maverick-17b-128e-instruct,1701,322,2023,0.7,20.0,1.6,True,True,openrouter,1af2226aa3f1037092c2a029379988a3dffb4e08360b94316a9221441d791f28
meta-llama/llama-4-maverick,0,3,4,11.0,26.2,,0,0,9.88,meta-llama/llama-4-maverick-17b-128e-instruct,2340,538,2878,0.7,20.0,1.6,True,True,openrouter,271a156e6e5a5677e77d46b6bd486c94c0ccc6a8f42894c403391e237f32546b
meta-llama/llama-4-maverick,0,4,1,11.0,26.2,,0,0,6.64,meta-llama/llama-4-maverick-17b-128e-instruct,2372,339,2711,0.7,20.0,1.6,True,True,openrouter,07b307913a528eb49c48606d27eb3a62655cf64641c32cdab7a21c044b681798
meta-llama/llama-4-maverick,0,4,2,10.0,27.2,,0,0,41.15,meta-llama/llama-4-maverick-17b-128e-instruct,3061,486,3547,0.7,20.0,1.6,True,True,openrouter,28d20a44d21a78f618080a3cca183647e26078a263787ab6dd72dbbbfb3c8799
meta-llama/llama-4-maverick,0,4,3,10.0,27.2,,0,0,11.67,meta-llama/llama-4-maverick-17b-128e-instruct,2418,415,2833,0.7,20.0,1.6,True,True,openrouter,58bf10abd95464e689328655440b64ab5f6ad34fd2eef81ef0c687108d15a2f5
meta-llama/llama-4-maverick,0,4,4,12.0,25.2,,0,0,6.22,meta-llama/llama-4-maverick-17b-128e-instruct,3274,422,3696,0.7,20.0,1.6,True,True,openrouter,33d8745ad72295a437953eca4a20a40b767331f45e16c7026a18a8127f81ce8f
meta-llama/llama-4-maverick,0,5,1,10.0,26.400000000000002,,0,0,3.71,meta-llama/llama-4-maverick-17b-128e-instruct,3163,243,3406,0.7,20.0,1.6,True,True,openrouter,05e548c6f75a939bd0abad5595adc14eb4b22466f5e753ee52b506fee0cef2cd
meta-llama/llama-4-maverick,0,5,2,10.0,26.400000000000002,,0,0,12.45,meta-llama/llama-4-maverick-17b-128e-instruct,3998,425,4423,0.7,20.0,1.6,True,True,openrouter,e4b00a7bb9d8b53b044aa9bf0e418e77e1c23cf8803aa93de37a1c82f3f9e9f1
meta-llama/llama-4-maverick,0,5,3,10.0,26.400000000000002,,0,0,10.28,meta-llama/llama-4-maverick-17b-128e-instruct,3284,325,3609,0.7,20.0,1.6,True,True,openrouter,5a5d8ba90c0d1670babe057d0e348a0785c5381b8cfbcab0e7a91d503d01b838
meta-llama/llama-4-maverick,0,5,4,11.0,25.400000000000002,,0,0,5.94,meta-llama/llama-4-maverick-17b-128e-instruct,4148,435,4583,0.7,20.0,1.6,True,True,openrouter,3bf0db71cfd36dbaa33f3417d1feee4b7895699d36861a24c659be45a4f4ee3f
meta-llama/llama-4-maverick,0,6,1,9.0,26.200000000000003,,0,0,4.4,meta-llama/llama-4-maverick-17b-128e-instruct,3914,269,4183,0.7,20.0,1.6,True,True,openrouter,af4e190f77b2adc5bfaefb4162c0c535c0d5cc5c7d52ffcc0412ae7fd9c63bdb
meta-llama/llama-4-maverick,0,6,2,9.0,26.200000000000003,,0,0,12.08,meta-llama/llama-4-maverick-17b-128e-instruct,4930,409,5339,0.7,20.0,1.6,True,True,openrouter,69ae6d84432807c5af9b7e0ddc66f33cea2b71f3e83445478475326fa5ed89dd
meta-llama/llama-4-maverick,0,6,3,10.0,25.200000000000003,,0,0,11.47,meta-llama/llama-4-maverick-17b-128e-instruct,4116,354,4470,0.7,20.0,1.6,True,True,openrouter,30c7e0a272b45f8a8d20f09ee3601b0f93dc704e2c2efa5e23378b4243ff41e2
meta-llama/llama-4-maverick,0,6,4,10.0,25.200000000000003,,0,0,7.16,meta-llama/llama-4-maverick-17b-128e-instruct,5091,455,5546,0.7,20.0,1.6,True,True,openrouter,26964561fb08839aadae1a6e479024568f8068314050a775bdbf6a2fd860fa68
meta-llama/llama-4-maverick,0,7,1,8.0,25.6,,0,0,4.41,meta-llama/llama-4-maverick-17b-128e-instruct,4747,249,4996,0.7,20.0,1.6,True,True,openrouter,91b2b9e2b5c3bf474332657abd2f803c428e2a956801bb6bf8bbe56520d73081
meta-llama/llama-4-maverick,0,7,2,8.0,25.6,,0,0,15.96,meta-llama/llama-4-maverick-17b-128e-instruct,5902,472,6374,0.7,20.0,1.6,True,True,openrouter,85c4020d9d0a14282507245f7da456d87f675db086b2cd7a8d7e466b25069d2d
meta-llama/llama-4-maverick,0,7,3,9.0,24.6,,0,0,14.71,meta-llama/llama-4-maverick-17b-128e-instruct,5033,369,5402,0.7,20.0,1.6,True,True,openrouter,14d6c22308ba5bc7a5746cc92c2429689746a2b858c7a29ed2a52bb50036e29f
meta-llama/llama-4-maverick,0,7,4,9.0,24.6,,0,0,6.65,meta-llama/llama-4-maverick-17b-128e-instruct,6110,447,6557,0.7,20.0,1.6,True,True,openrouter,b666fb6ff5fa5f3397d91058902dee22534c80fbc90364b68b133269e7ad4874
meta-llama/llama-4-maverick,0,8,1,5.0,25.8,,0,0,12.65,meta-llama/llama-4-maverick-17b-128e-instruct,5541,256,5797,0.7,20.0,1.6,True,True,openrouter,681ebb522de67d03448ac59f72c3a0a39f6114307709d5efaae85befd9d46c02
meta-llama/llama-4-maverick,0,8,2,6.0,24.8,,0,0,16.48,meta-llama/llama-4-maverick-17b-128e-instruct,6993,432,7425,0.7,20.0,1.6,True,True,openrouter,c9559325bf107e5a47f5aee478b77ceb77e4ce449bfb58b9111668d9e4be574d
meta-llama/llama-4-maverick,0,8,3,8.0,22.8,,0,0,11.16,meta-llama/llama-4-maverick-17b-128e-instruct,6021,356,6377,0.7,20.0,1.6,True,True,openrouter,9aa055898adb68346fe71e1991298736f75232d343d0cbf9e4934512c0f57cc8
meta-llama/llama-4-maverick,0,8,4,8.0,22.8,,0,0,7.44,meta-llama/llama-4-maverick-17b-128e-instruct,7177,473,7650,0.7,20.0,1.6,True,True,openrouter,9fcca54a09209bf49220cc307f56be772a891df50926f7b9f10ac4d866ab6df9
meta-llama/llama-4-maverick,0,9,1,0.0,22.0,,0,0,4.08,meta-llama/llama-4-maverick-17b-128e-instruct,6548,211,6759,0.7,20.0,1.6,True,True,openrouter,0a5669504d4acbc54b34c96bf298c848b0dfacc4c21e8f8335469501b00fb5d7
meta-llama/llama-4-maverick,0,9,2,0.0,22.0,,0,0,17.56,meta-llama/llama-4-maverick-17b-128e-instruct,8100,426,8526,0.7,20.0,1.6,True,True,openrouter,e6196a79b560d34bb981b729f69cb38f96484c68e40be9bc8af792e3fd31a6e2
meta-llama/llama-4-maverick,0,9,3,5.0,17.0,,0,0,20.27,meta-llama/llama-4-maverick-17b-128e-instruct,7052,375,7427,0.7,20.0,1.6,True,True,openrouter,4d7f7b2b9a9d766a389f4333b2d4651aab05f2216ca24ea7ae6cf6c6d86313c0
meta-llama/llama-4-maverick,0,9,4,0.0,22.0,,0,0,9.22,meta-llama/llama-4-maverick-17b-128e-instruct,8326,515,8841,0.7,20.0,1.6,True,True,openrouter,54343f3742297537cf306846a4c96d63757880c382c1501b260cca53e33a9404
meta-llama/llama-4-maverick,0,10,1,0.0,20.0,,0,0,3.38,meta-llama/llama-4-maverick-17b-128e-instruct,7491,180,7671,0.7,20.0,1.6,True,True,openrouter,ce124016e44371a481af6fca30b40de0152faea19a70227eccfea25b39a2b677
meta-llama/llama-4-maverick,0,10,2,0.0,20.0,,0,0,15.82,meta-llama/llama-4-maverick-17b-128e-instruct,9257,384,9641,0.7,20.0,1.6,True,True,openrouter,9b20d6eef482ee7225129dc1cb825f8529ae29b8ef44d386136c7f7904a651b8
meta-llama/llama-4-maverick,0,10,3,0.0,20.0,,0,0,15.2,meta-llama/llama-4-maverick-17b-128e-instruct,8158,237,8395,0.7,20.0,1.6,True,True,openrouter,8d60c9a36f97491b1e356ffa14ed6058c95b0eff5234d91ee6714a1fae9dabc8
meta-llama/llama-4-maverick,0,10,4,0.0,20.0,,0,0,9.42,meta-llama/llama-4-maverick-17b-128e-instruct,9573,450,10023,0.7,20.0,1.6,True,True,openrouter,0ac161709736be31ca974059009628478b503d8b22b474526c2f4cd3e35c7dd4
meta-llama/llama-4-maverick,1,1,1,10.0,26.0,,0,0,7.98,meta-llama/llama-4-maverick-17b-128e-instruct,300,404,704,0.7,20.0,1.6,True,True,openrouter,bec4117d6d0a81d9fecc5f56f663550d0b1fc815c3d095fa582ec0e8c99609cc
meta-llama/llama-4-maverick,1,1,2,10.0,26.0,,0,0,19.04,meta-llama/llama-4-maverick-17b-128e-instruct,232,542,774,0.7,20.0,1.6,True,True,openrouter,ac2ba99f2e83ef3f9002bc110dc6f466bf9e1b5265001b7815a0d3d099be6efc
meta-llama/llama-4-maverick,1,1,3,10.0,26.0,,0,0,18.96,meta-llama/llama-4-maverick-17b-128e-instruct,232,560,792,0.7,20.0,1.6,True,True,openrouter,741c247e0aa72fe813b42ce1a2fe9a4c0bd9bfa71ec21e99ba4e0d7ef4bdc06c
meta-llama/llama-4-maverick,1,1,4,10.0,26.0,,0,0,5.02,meta-llama/llama-4-maverick-17b-128e-instruct,300,275,575,0.7,20.0,1.6,True,True,openrouter,b98f0d2f1088addb1da6d38cc29d80d34b8d7201c471cc2af08646a9f97fc521
meta-llama/llama-4-maverick,1,2,1,10.0,26.0,,0,0,4.36,meta-llama/llama-4-maverick-17b-128e-instruct,988,296,1284,0.7,20.0,1.6,True,True,openrouter,069a394464c77583cdefea3d6b3fbf4ecd6590ca3ae5ea53363188c12d7b7c6c
meta-llama/llama-4-maverick,1,2,2,10.0,26.0,,0,0,17.55,meta-llama/llama-4-maverick-17b-128e-instruct,1057,423,1480,0.7,20.0,1.6,True,True,openrouter,30e2ea630cc405dc97eb7c0f65928ef9198fb4038285aa62a76410de4e9df500
meta-llama/llama-4-maverick,1,2,3,10.0,26.0,,0,0,16.8,meta-llama/llama-4-maverick-17b-128e-instruct,1075,442,1517,0.7,20.0,1.6,True,True,openrouter,1fe55ba30c5f8041b4570ca936d8438b23997214f25541d2c67efec83e78eac3
meta-llama/llama-4-maverick,1,2,4,10.0,26.0,,0,0,3.52,meta-llama/llama-4-maverick-17b-128e-instruct,859,267,1126,0.7,20.0,1.6,True,True,openrouter,ee2a790d5f75808de98b217ba4ada35c4ca510dd3b22ec6f6d4e0906fc352335
meta-llama/llama-4-maverick,1,3,1,10.0,26.0,,0,0,2.52,meta-llama/llama-4-maverick-17b-128e-instruct,1624,194,1818,0.7,20.0,1.6,True,True,openrouter,5a0de2e5276be2efabffa3454ca9e567a463ecfecebf7a416a7f85e4970fc329
meta-llama/llama-4-maverick,1,3,2,10.0,26.0,,0,0,12.08,meta-llama/llama-4-maverick-17b-128e-instruct,1819,409,2228,0.7,20.0,1.6,True,True,openrouter,9890ac3911d2c46d5a02d7f444540370da7b35032dadb675571fd28cd958f4ff
meta-llama/llama-4-maverick,1,3,3,10.0,26.0,,0,0,12.43,meta-llama/llama-4-maverick-17b-128e-instruct,1856,400,2256,0.7,20.0,1.6,True,True,openrouter,e8871731b7a7bfbb484e01ee49f6d46cc088733b133cd9d3b8b6facde6a00c92
meta-llama/llama-4-maverick,1,3,4,10.0,26.0,,0,0,4.16,meta-llama/llama-4-maverick-17b-128e-instruct,1466,227,1693,0.7,20.0,1.6,True,True,openrouter,31d45b974bc82def6b11ef265a089d8b22583f041dd30b2c972f47b714089f94
meta-llama/llama-4-maverick,1,4,1,10.0,26.0,,0,0,2.66,meta-llama/llama-4-maverick-17b-128e-instruct,2214,185,2399,0.7,20.0,1.6,True,True,openrouter,bce5d8fe1b8fb1c616c12909793543d920afbc8bd6bb94b31964b558ee903bbc
meta-llama/llama-4-maverick,1,4,2,10.0,26.0,,0,0,13.41,meta-llama/llama-4-maverick-17b-128e-instruct,2623,405,3028,0.7,20.0,1.6,True,True,openrouter,4cc61cf195c2cda82660f17309ddb8251fbc24b1ba53f0b7309f793bfbc19766
meta-llama/llama-4-maverick,1,4,3,10.0,26.0,,0,0,14.6,meta-llama/llama-4-maverick-17b-128e-instruct,2651,395,3046,0.7,20.0,1.6,True,True,openrouter,3630531a4537f015624b9693b3bcc2ecd1301ddcadb4216681abbc6bc4a76f0f
meta-llama/llama-4-maverick,1,4,4,10.0,26.0,,0,0,3.03,meta-llama/llama-4-maverick-17b-128e-instruct,2089,224,2313,0.7,20.0,1.6,True,True,openrouter,6b6fde93fc95e19c4d363c62f37e9eb49569c2812f5705db96364870ab848728
meta-llama/llama-4-maverick,1,5,1,10.0,26.0,,0,0,2.41,meta-llama/llama-4-maverick-17b-128e-instruct,2851,132,2983,0.7,20.0,1.6,True,True,openrouter,1b8d09d66588f662b1c8eec60c56797345faa7015a934d2d3763c26bf6f7af72
meta-llama/llama-4-maverick,1,5,2,10.0,26.0,,0,0,6.16,meta-llama/llama-4-maverick-17b-128e-instruct,3551,370,3921,0.7,20.0,1.6,True,True,openrouter,b9cc903914891bef37101e8d3c1a586cc99930ceefd31be83c5afdffd2c986fe
meta-llama/llama-4-maverick,1,5,3,10.0,26.0,,0,0,10.52,meta-llama/llama-4-maverick-17b-128e-instruct,3497,353,3850,0.7,20.0,1.6,True,True,openrouter,0a9c03f944dc2305325dcebedf64b955f417ccb424ca630e106b7c310b666784
meta-llama/llama-4-maverick,1,5,4,10.0,26.0,,0,0,4.06,meta-llama/llama-4-maverick-17b-128e-instruct,2765,243,3008,0.7,20.0,1.6,True,True,openrouter,a4e48b20cb3c25971330c90f5c40e92894d83673446cc1cbebbf8b5c5d33d020
meta-llama/llama-4-maverick,1,6,1,10.0,26.0,,0,0,2.68,meta-llama/llama-4-maverick-17b-128e-instruct,3491,181,3672,0.7,20.0,1.6,True,True,openrouter,d409dab73ff71bdd90ec3cd8407c6d8aec44e8d6f72ec6f70cbe1e8c985e0b00
meta-llama/llama-4-maverick,1,6,2,10.0,26.0,,0,0,6.3,meta-llama/llama-4-maverick-17b-128e-instruct,4429,380,4809,0.7,20.0,1.6,True,True,openrouter,29427b70b02023987c508164097062839249554b17a4d17af38228f41ef79c67
meta-llama/llama-4-maverick,1,6,3,10.0,26.0,,0,0,9.44,meta-llama/llama-4-maverick-17b-128e-instruct,4357,363,4720,0.7,20.0,1.6,True,True,openrouter,524e35de14140210e52760c74330a8ee9f40effa8baa82f182029a84518f94ed
meta-llama/llama-4-maverick,1,6,4,10.0,26.0,,0,0,2.97,meta-llama/llama-4-maverick-17b-128e-instruct,3516,205,3721,0.7,20.0,1.6,True,True,openrouter,77ced81aaa8992354a01bcd31526c2bd5f83bcbc8ebb79a4a54a48b0b2c2a496
meta-llama/llama-4-maverick,1,7,1,10.0,26.0,,0,0,3.35,meta-llama/llama-4-maverick-17b-128e-instruct,4236,158,4394,0.7,20.0,1.6,True,True,openrouter,dd0771af667a4bf2692993148a125a32d6aafd10f654fa7a15ca630eff7a1dd4
meta-llama/llama-4-maverick,1,7,2,10.0,26.0,,0,0,4.95,meta-llama/llama-4-maverick-17b-128e-instruct,5373,349,5722,0.7,20.0,1.6,True,True,openrouter,b30f18989ccdd12e51c0ddcb03ea14e6e70bf7d2304edb82d2900f80f56d2f0a
meta-llama/llama-4-maverick,1,7,3,10.0,26.0,,0,0,11.81,meta-llama/llama-4-maverick-17b-128e-instruct,5283,368,5651,0.7,20.0,1.6,True,True,openrouter,2ecbc931eea8eaab3f2862436aa96ff6014af44c9c9e6ee998bc2b54668498a9
meta-llama/llama-4-maverick,1,7,4,10.0,26.0,,0,0,3.55,meta-llama/llama-4-maverick-17b-128e-instruct,4285,205,4490,0.7,20.0,1.6,True,True,openrouter,8a2a624dffd3a11f1e5d34e0acc6881fe84de0253216a58daa8c71f17b3bd580
meta-llama/llama-4-maverick,1,8,1,10.0,26.0,,0,0,3.69,meta-llama/llama-4-maverick-17b-128e-instruct,5014,190,5204,0.7,20.0,1.6,True,True,openrouter,15bdf6aa7d52eced037351a22a6c4905bffd7d83325a260495f1bbed548b5f76
meta-llama/llama-4-maverick,1,8,2,10.0,26.0,,0,0,5.9,meta-llama/llama-4-maverick-17b-128e-instruct,6342,363,6705,0.7,20.0,1.6,True,True,openrouter,3705c4da4ba4b2f26c40de6ce3e56f543efce10aa25cfc460f912b5ca8dce344
meta-llama/llama-4-maverick,1,8,3,10.0,26.0,,0,0,12.9,meta-llama/llama-4-maverick-17b-128e-instruct,6270,385,6655,0.7,20.0,1.6,True,True,openrouter,63befc915d867b22adcbe1f73c395763f32ff323eb90386841dee1d8703ea877
meta-llama/llama-4-maverick,1,8,4,10.0,26.0,,0,0,4.09,meta-llama/llama-4-maverick-17b-128e-instruct,5110,204,5314,0.7,20.0,1.6,True,True,openrouter,4f4feceaf2f5501b730b495db6bdb6d160ed05dac2fb44da55c12a32ec25f464
meta-llama/llama-4-maverick,1,9,1,0.0,28.0,,0,0,3.68,meta-llama/llama-4-maverick-17b-128e-instruct,5880,234,6114,0.7,20.0,1.6,True,True,openrouter,b6f1816765753d0b5d1b31fbe3f60238742c352d1cf569ac3d843d69754dd588
meta-llama/llama-4-maverick,1,9,2,10.0,18.0,,0,0,6.45,meta-llama/llama-4-maverick-17b-128e-instruct,7381,409,7790,0.7,20.0,1.6,True,True,openrouter,55dae6177175de565ace2f3866420406e93e36af2f16156bd94a563d75ca66ff
meta-llama/llama-4-maverick,1,9,3,10.0,18.0,,0,0,15.15,meta-llama/llama-4-maverick-17b-128e-instruct,7330,394,7724,0.7,20.0,1.6,True,True,openrouter,695af8dbacf89b63fd837f8fc822a17e42f983b0d531cc3006ba7228d3341b05
meta-llama/llama-4-maverick,1,9,4,0.0,28.0,,0,0,3.48,meta-llama/llama-4-maverick-17b-128e-instruct,5990,167,6157,0.7,20.0,1.6,True,True,openrouter,404d2d9a7194e3eeaf58a9e8fdcc830ffb573dc43dc4bda7c15b9d0c1996e6c2
meta-llama/llama-4-maverick,1,10,1,0.0,20.0,,0,0,2.83,meta-llama/llama-4-maverick-17b-128e-instruct,6846,169,7015,0.7,20.0,1.6,True,True,openrouter,5ca066a592a81b3900fb21dd2941a1212c11b22ae89ef114843afd497f9d2469
meta-llama/llama-4-maverick,1,10,2,0.0,20.0,,0,0,6.08,meta-llama/llama-4-maverick-17b-128e-instruct,8522,355,8877,0.7,20.0,1.6,True,True,openrouter,c84e8b94d7e2952aa7f26167c1bbe1994d02b6e2d6af461f098ae8edee86addc
meta-llama/llama-4-maverick,1,10,3,0.0,20.0,,0,0,11.97,meta-llama/llama-4-maverick-17b-128e-instruct,8455,393,8848,0.7,20.0,1.6,True,True,openrouter,c1922fd762313b154fd74a831398e10b8735fff898b29dc627e0475d17a40d49
meta-llama/llama-4-maverick,1,10,4,0.0,20.0,,0,0,2.16,meta-llama/llama-4-maverick-17b-128e-instruct,6889,138,7027,0.7,20.0,1.6,True,True,openrouter,6103d12e3bfe275d37bc41ec6b322bb5496aa3e6f7d66887866ff8441ac8edb9
openai/gpt-4o,0,1,1,10.0,26.0,,0,0,7.57,openai/gpt-4o,229,434,663,0.7,20.0,1.6,True,True,openrouter,c681dfaf70407f9cb28b8afdb3e978a7549a7e626d7e81dc2f7922ab13b8569e
openai/gpt-4o,0,1,2,10.0,26.0,,0,0,6.96,openai/gpt-4o,229,398,627,0.7,20.0,1.6,True,True,openrouter,a0620242aaff93c80fd86a9a63832ad7d33da92c0dd74c7bfa5f54babb96a202
openai/gpt-4o,0,1,3,10.0,26.0,,0,0,3.58,openai/gpt-4o,229,375,604,0.7,20.0,1.6,True,True,openrouter,095060d3776b2a2c5bb357950824a32f6c24744125b6b0121d310d8fb8f74c44
openai/gpt-4o,0,1,4,10.0,26.0,,0,0,5.12,openai/gpt-4o,229,423,652,0.7,20.0,1.6,True,True,openrouter,98ca863ec8af8340f2e34363b701815d926788d385d23dce9d106be5ffcf04f6
openai/gpt-4o,0,2,1,12.0,25.2,,0,0,5.03,openai/gpt-4o,945,305,1250,0.7,20.0,1.6,True,True,openrouter,fbcbd05a8d1bcb8d2bab607de4d01638da081321221207169eaae3b790d93620
openai/gpt-4o,0,2,2,10.0,27.2,,0,0,4.8,openai/gpt-4o,909,315,1224,0.7,20.0,1.6,True,True,openrouter,f5ea1067dc67a1f2496a8592a75d9df7a20bcdb86354c2b0c05dc2bfe81120d6
openai/gpt-4o,0,2,3,9.0,28.2,,0,0,2.66,openai/gpt-4o,886,300,1186,0.7,20.0,1.6,True,True,openrouter,19f54522a9928893ea97ac8e757cef82e44a1f4ff6b65b11eb0459e8e4d0ffe8
openai/gpt-4o,0,2,4,12.0,25.2,,0,0,5.73,openai/gpt-4o,934,333,1267,0.7,20.0,1.6,True,True,openrouter,b1c77ca5c8503cd500f14b523ec903c2a3e422b12d4d52c21544f696f372a0da
openai/gpt-4o,0,3,1,11.0,27.0,,0,0,6.35,openai/gpt-4o,1588,330,1918,0.7,20.0,1.6,True,True,openrouter,4991ac10749632cb2fde90c0c4a580b6ebbd448b9d2dd9fda25cc6f811e43a9f
openai/gpt-4o,0,3,2,11.0,27.0,,0,0,4.3,openai/gpt-4o,1562,340,1902,0.7,20.0,1.6,True,True,openrouter,726d792e9971a0deb8aa560dc9aeed7bb03ced401090a39d6a6bb09b93b67b79
openai/gpt-4o,0,3,3,11.0,27.0,,0,0,3.68,openai/gpt-4o,1524,362,1886,0.7,20.0,1.6,True,True,openrouter,4dae213ff8033f9122af9e7a5b41f4a1617fd4a3dc4db1c8e5c3fc1e4049f6ca
openai/gpt-4o,0,3,4,12.0,26.0,,0,0,3.8,openai/gpt-4o,1605,380,1985,0.7,20.0,1.6,True,True,openrouter,b8f7c56456aedf28533ba6d17da2105a5d508246fe265acf7ab6660997432740
openai/gpt-4o,0,4,1,12.0,27.6,,0,0,11.76,openai/gpt-4o,2312,338,2650,0.7,20.0,1.6,True,True,openrouter,c45df8075e40a3a80b7bcda0665f90b3fc1b4172121cc8f1f2dbcdf6aeb38165
openai/gpt-4o,0,4,2,12.0,27.6,,0,0,3.15,openai/gpt-4o,2296,298,2594,0.7,20.0,1.6,True,True,openrouter,050787dc47c661d3d2680578c013d386e4f43248b82fad8b593d35a9d855ea35
openai/gpt-4o,0,4,3,12.0,27.6,,0,0,4.05,openai/gpt-4o,2280,399,2679,0.7,20.0,1.6,True,True,openrouter,e5adfb386a5e03e43bd3820e7b141584d8995c4b0d4f4cd566e01866d7cc620a
openai/gpt-4o,0,4,4,13.0,26.6,,0,0,3.55,openai/gpt-4o,2379,364,2743,0.7,20.0,1.6,True,True,openrouter,b491e1dab20cc96ab35ab22293ae02e566a521de9ae30802f182c40d4980e39e
openai/gpt-4o,0,5,1,13.0,28.200000000000003,,0,0,5.33,openai/gpt-4o,3100,310,3410,0.7,20.0,1.6,True,True,openrouter,6f020ed2991c7e7c34d11dab63debd03621a0f0954d052e26808c3bfc1395f1d
openai/gpt-4o,0,5,2,13.0,28.200000000000003,,0,0,6.06,openai/gpt-4o,3044,315,3359,0.7,20.0,1.6,True,True,openrouter,40ac39f2012b3f7e588a2435a37000cb926583dcc37cf35d85b719013ba277e2
openai/gpt-4o,0,5,3,13.0,28.200000000000003,,0,0,3.67,openai/gpt-4o,3129,319,3448,0.7,20.0,1.6,True,True,openrouter,563a88a1e10343a6387167d1bc4208fe3c8cb2c64a4446bc1f1275f37dcdaa9c
openai/gpt-4o,0,5,4,14.0,27.200000000000003,,0,0,2.84,openai/gpt-4o,3193,345,3538,0.7,20.0,1.6,True,True,openrouter,774410b1bd3eb9a301d6308ae7e2ceb776c2ac85126dd02f5deededc830219d3
openai/gpt-4o,0,6,1,14.0,28.8,,0,0,5.25,openai/gpt-4o,3916,290,4206,0.7,20.0,1.6,True,True,openrouter,76af57247611a330aeb4330e6856546c117e5dc282953c04646740bb64033b7c
openai/gpt-4o,0,6,2,14.0,28.8,,0,0,3.89,openai/gpt-4o,3865,317,4182,0.7,20.0,1.6,True,True,openrouter,5a9dfdafbfcbd41f544eecc08241a214e01ca29abaf2b76d3c9453b1ede1be7e
openai/gpt-4o,0,6,3,14.0,28.8,,0,0,3.17,openai/gpt-4o,3954,299,4253,0.7,20.0,1.6,True,True,openrouter,503dabe9efc37cbeaaab55167cd37b8e212a767d13ee70020dbbed69505df479
openai/gpt-4o,0,6,4,15.0,27.8,,0,0,3.74,openai/gpt-4o,4044,309,4353,0.7,20.0,1.6,True,True,openrouter,d89b062dd9ad8717659c339af3b7b92308541b6cabfd4f5f62bc2b6c3ffbad12
openai/gpt-4o,0,7,1,15.0,29.400000000000002,,0,0,4.66,openai/gpt-4o,4768,289,5057,0.7,20.0,1.6,True,True,openrouter,4fea9b02b5d63ce0f123883f70247a8f215ee97ec5e9bbc2f26b06e747463b8d
openai/gpt-4o,0,7,2,15.0,29.400000000000002,,0,0,3.58,openai/gpt-4o,4744,333,5077,0.7,20.0,1.6,True,True,openrouter,9a0686a25a69f2c58de3cd84e5e12c9c0bf4cb5481ee0314c5826e6e6462c71a
openai/gpt-4o,0,7,3,15.0,29.400000000000002,,0,0,2.96,openai/gpt-4o,4815,301,5116,0.7,20.0,1.6,True,True,openrouter,1674dff9d8bffc41d9487a16d5c098a66c3ceac36b863267327d088e098ff25a
openai/gpt-4o,0,7,4,16.0,28.400000000000002,,0,0,2.37,openai/gpt-4o,4915,308,5223,0.7,20.0,1.6,True,True,openrouter,8a98693f595640825d20de9bd2c9a8ec669a3b6a502c983cd983b7c4b78c1378
openai/gpt-4o,0,8,1,16.0,30.0,,0,0,3.38,openai/gpt-4o,5675,293,5968,0.7,20.0,1.6,True,True,openrouter,a05429998488dbdd29abe485671236556c140d2d71eae25944e07803b05519c6
openai/gpt-4o,0,8,2,16.0,30.0,,0,0,4.61,openai/gpt-4o,5695,334,6029,0.7,20.0,1.6,True,True,openrouter,19675d24811e0b0e3e3267cb046a4cb5d9ebbf0a636999810fa473ff1dc25fd0
openai/gpt-4o,0,8,3,16.0,30.0,,0,0,3.07,openai/gpt-4o,5734,293,6027,0.7,20.0,1.6,True,True,openrouter,1ea241408cb1fd38e00281fda49064c040b6657b5b7b9767f7e4546b827dba1c
openai/gpt-4o,0,8,4,17.0,29.0,,0,0,2.88,openai/gpt-4o,5841,312,6153,0.7,20.0,1.6,True,True,openrouter,698c42e9a9677dc3ab0e585bf34a698f8a03a82d155f08c00576905870114ad3
openai/gpt-4o,0,9,1,17.0,30.6,,0,0,5.29,openai/gpt-4o,6642,278,6920,0.7,20.0,1.6,True,True,openrouter,d3de6355bb5ec2b49829f32212c459b7eaf5a8d8e16b915643d0124f3f645dd6
openai/gpt-4o,0,9,2,17.0,30.6,,0,0,5.13,openai/gpt-4o,6703,335,7038,0.7,20.0,1.6,True,True,openrouter,8300823e1061970e0cc2dfd27f1fe51dcb396ef9afcbf89d22145c025418f480
openai/gpt-4o,0,9,3,17.0,30.6,,0,0,3.27,openai/gpt-4o,6701,288,6989,0.7,20.0,1.6,True,True,openrouter,b639a1b4276901086f986e1c25226c3b81447892c45ff11e7dac35ed97c9b59b
openai/gpt-4o,0,9,4,18.0,29.6,,0,0,3.18,openai/gpt-4o,6827,303,7130,0.7,20.0,1.6,True,True,openrouter,3735f25e0878332825f075595744919492df00995cef6f35d5b0558242a1153e
openai/gpt-4o,0,10,1,18.0,31.200000000000003,,0,0,5.32,openai/gpt-4o,7650,281,7931,0.7,20.0,1.6,True,True,openrouter,2c860f19c88cdd8a1ada0284868b3cb608949aa81ff3fe7af4f3d1287b01cd0c
openai/gpt-4o,0,10,2,18.0,31.200000000000003,,0,0,4.2,openai/gpt-4o,7768,334,8102,0.7,20.0,1.6,True,True,openrouter,3af4ef0ad36a93892baa1397aa298180b38c2b458fb1060b1e94bfb854429221
openai/gpt-4o,0,10,3,18.0,31.200000000000003,,0,0,3.18,openai/gpt-4o,7719,336,8055,0.7,20.0,1.6,True,True,openrouter,f3ef6e1740d51e16af5a501de403d7a6998e3e8872f6535cb261872fd9b8e3e7
openai/gpt-4o,0,10,4,19.0,30.200000000000003,,0,0,4.61,openai/gpt-4o,7860,311,8171,0.7,20.0,1.6,True,True,openrouter,175253f119802390a1865ef23be8366ad650c4cc1a07902986155e36cf80dedb
openai/gpt-4o,1,1,1,10.0,26.0,,0,0,9.74,openai/gpt-4o,229,450,679,0.7,20.0,1.6,True,True,openrouter,9bb975482895791abe91c28b8cdebff7b5853df8770589e3965e8d4af67d45ab
openai/gpt-4o,1,1,2,10.0,26.0,,0,0,5.92,openai/gpt-4o,229,400,629,0.7,20.0,1.6,True,True,openrouter,f75a1995e49c6c256d028fa25d2ac815b117e7e365394be86a7cc14c8b14c088
openai/gpt-4o,1,1,3,10.0,26.0,,0,0,5.86,openai/gpt-4o,229,394,623,0.7,20.0,1.6,True,True,openrouter,379d73cff333c1e1e034184f67c86fee170bf3b6f5bec82b80ed1472a56f7a2e
openai/gpt-4o,1,1,4,10.0,26.0,,0,0,5.22,openai/gpt-4o,229,431,660,0.7,20.0,1.6,True,True,openrouter,6c0388ac9360a664c44c2bc19092a194ae6846c97f2eec63d54a33f5e19b2a9c
openai/gpt-4o,1,2,1,12.0,24.8,,0,0,7.02,openai/gpt-4o,961,330,1291,0.7,20.0,1.6,True,True,openrouter,ab9a30de3714d6f4f4a517e411b518aae9489631c70d3e245b05e7726c4b97e4
openai/gpt-4o,1,2,2,10.0,26.8,,0,0,4.86,openai/gpt-4o,911,370,1281,0.7,20.0,1.6,True,True,openrouter,e82057951312ce72c05711ebb2022ce01935d185c241695fd1828bfd065fc4d3
openai/gpt-4o,1,2,3,8.0,28.8,,0,0,4.64,openai/gpt-4o,905,375,1280,0.7,20.0,1.6,True,True,openrouter,ec6996c9972016cc1d4bd439b7a9d10df70a028dbb3415870c89e06ceff63369
openai/gpt-4o,1,2,4,12.0,24.8,,0,0,6.39,openai/gpt-4o,942,398,1340,0.7,20.0,1.6,True,True,openrouter,00091f52da6ba37c70a56a0a85ce90306e58b2fef6f03eba59770ee0eab5c60f
openai/gpt-4o,1,3,1,10.0,26.400000000000002,,0,0,7.09,openai/gpt-4o,1629,406,2035,0.7,20.0,1.6,True,True,openrouter,1a37bb9185fe6ef6c504eb3dcb74858601b69dee263f450863d3c5fdc31ed7a2
openai/gpt-4o,1,3,2,11.0,25.400000000000002,,0,0,7.47,openai/gpt-4o,1619,395,2014,0.7,20.0,1.6,True,True,openrouter,fdc3d21b06f7f1baaf236730d1d314bc9bc136bb0bd3a39e19e12b7c9eef77c8
openai/gpt-4o,1,3,3,8.0,28.400000000000002,,0,0,4.41,openai/gpt-4o,1618,427,2045,0.7,20.0,1.6,True,True,openrouter,a4f9127ab5c8f462bb9d683ec97de17dcdd197568db1c0ce4064fa8e703c0e0b
openai/gpt-4o,1,3,4,12.0,24.400000000000002,,0,0,4.4,openai/gpt-4o,1678,456,2134,0.7,20.0,1.6,True,True,openrouter,ea30fc0563532debbf3a9a85ef0ab6c80ad25b7e10b138c337db59719a96148f
openai/gpt-4o,1,4,1,10.0,26.400000000000002,,0,0,6.94,openai/gpt-4o,2429,397,2826,0.7,20.0,1.6,True,True,openrouter,41223ff7a75669c9f22048a98256c7557cb975633e6da5e900e8dcf9eeceabef
openai/gpt-4o,1,4,2,10.0,26.400000000000002,,0,0,4.61,openai/gpt-4o,2408,458,2866,0.7,20.0,1.6,True,True,openrouter,88d6b3ebcfd0e7d0f1efbf5370ad77f0297e83fa5b7cce095dd9800754291e39
openai/gpt-4o,1,4,3,9.0,27.400000000000002,,0,0,3.78,openai/gpt-4o,2439,400,2839,0.7,20.0,1.6,True,True,openrouter,ad6a6fb90f410b0515588eb8e9fe08b93297b4d8be654adc88cb3470987076f7
openai/gpt-4o,1,4,4,12.0,24.400000000000002,,0,0,4.42,openai/gpt-4o,2528,464,2992,0.7,20.0,1.6,True,True,openrouter,878f0c08f7dc7c619acaae213ea65f5effbe3bc2105340c2a712ce504df6fe92
openai/gpt-4o,1,5,1,10.0,26.8,,0,0,6.04,openai/gpt-4o,3276,367,3643,0.7,20.0,1.6,True,True,openrouter,8000a961c7a6586cf32dbad48a7f5d65009e94fc0dd358a21a2d0c45657346d7
openai/gpt-4o,1,5,2,10.0,26.8,,0,0,4.97,openai/gpt-4o,3316,415,3731,0.7,20.0,1.6,True,True,openrouter,21597aebf2ba05b86a04dc9ca34c629fdf65e197faab1417931996f86db90226
openai/gpt-4o,1,5,3,10.0,26.8,,0,0,4.96,openai/gpt-4o,3289,382,3671,0.7,20.0,1.6,True,True,openrouter,51eb4afe20ef8f698f99136953071eedaf37adf0bdf9ba8ffabba748fb854de9
openai/gpt-4o,1,5,4,12.0,24.8,,0,0,3.91,openai/gpt-4o,3442,455,3897,0.7,20.0,1.6,True,True,openrouter,b355609ca2e20b78d3f336aec02f73790088ef9ca2957912e3dcb987500a212b
openai/gpt-4o,1,6,1,10.0,26.8,,0,0,4.98,openai/gpt-4o,4149,369,4518,0.7,20.0,1.6,True,True,openrouter,d6acd2e0be1c8519c146a2948b6fe5159f5ec88985945c1f9923bc2ad211f0fa
openai/gpt-4o,1,6,2,10.0,26.8,,0,0,4.68,openai/gpt-4o,4237,433,4670,0.7,20.0,1.6,True,True,openrouter,fd82f4a8559a38661e1d357c23971d770807524f5b0fb58277581a1aacf718d1
openai/gpt-4o,1,6,3,10.0,26.8,,0,0,4.55,openai/gpt-4o,4177,438,4615,0.7,20.0,1.6,True,True,openrouter,782bee977b08652dc55e00af7ed8bb15127ef82236367d27f7e75e49d4af8de7
openai/gpt-4o,1,6,4,12.0,24.8,,0,0,3.94,openai/gpt-4o,4403,450,4853,0.7,20.0,1.6,True,True,openrouter,384fa02b950ee968419b7a8d4d6eaacca68af675fb2e6e4441d072eb563c098c
openai/gpt-4o,1,7,1,10.0,26.400000000000002,,0,0,6.91,openai/gpt-4o,5080,375,5455,0.7,20.0,1.6,True,True,openrouter,5c0c7512f3841c5f248727d5cfe98ffaac59f012202ae67bd5b2debfc90374a6
openai/gpt-4o,1,7,2,10.0,26.400000000000002,,0,0,6.66,openai/gpt-4o,5232,362,5594,0.7,20.0,1.6,True,True,openrouter,6df320cc82f200b16ff4ee3faffff0e1ddbf6b79f80634babe705914db74b411
openai/gpt-4o,1,7,3,9.0,27.400000000000002,,0,0,4.81,openai/gpt-4o,5177,424,5601,0.7,20.0,1.6,True,True,openrouter,bba5dd0a634f62520464b935640646c1dfac32e76f0fd2ecdcba0fa24036ba71
openai/gpt-4o,1,7,4,12.0,24.400000000000002,,0,0,3.8,openai/gpt-4o,5415,466,5881,0.7,20.0,1.6,True,True,openrouter,f3961ba380e646ede7cfa87083c2fce743838a9592be8284cac9a6ca163166fd
openai/gpt-4o,1,8,1,10.0,26.400000000000002,,0,0,7.46,openai/gpt-4o,6073,396,6469,0.7,20.0,1.6,True,True,openrouter,67724d323860fa03e5a95d86dacf4651d23b212657a4c707cb424886642d67df
openai/gpt-4o,1,8,2,10.0,26.400000000000002,,0,0,4.81,openai/gpt-4o,6212,369,6581,0.7,20.0,1.6,True,True,openrouter,e4371f086f1670fe92eb5fb26118c16e88fab539946b3555381d58c3664f0c5d
openai/gpt-4o,1,8,3,9.0,27.400000000000002,,0,0,4.1,openai/gpt-4o,6219,409,6628,0.7,20.0,1.6,True,True,openrouter,57cd39ebd553974cf0d3479933c0f5847153bb29024a40c4646b366b8f012a1a
openai/gpt-4o,1,8,4,12.0,24.400000000000002,,0,0,5.02,openai/gpt-4o,6499,450,6949,0.7,20.0,1.6,True,True,openrouter,684af2d5adf417ebd409e678c792000a60cd0f76daa59c2058981efaabfac4d4
openai/gpt-4o,1,9,1,10.0,26.8,,0,0,7.92,openai/gpt-4o,7143,376,7519,0.7,20.0,1.6,True,True,openrouter,a5bf2cf7d77ea5bdcdbe26882ff33f90d2dead6593e3945c67d653fd26531729
openai/gpt-4o,1,9,2,10.0,26.8,,0,0,5.01,openai/gpt-4o,7255,384,7639,0.7,20.0,1.6,True,True,openrouter,b9ce467d696b59d8a0fe73b77a283dd28f37e864624cbefd3e87c1f39d84baae
openai/gpt-4o,1,9,3,10.0,26.8,,0,0,3.36,openai/gpt-4o,7302,368,7670,0.7,20.0,1.6,True,True,openrouter,3f8b6ba2413234d77c2a8b3c73666d7d54418c5f28cbe275ff200d3e0434cb3a
openai/gpt-4o,1,9,4,12.0,24.8,,0,0,4.43,openai/gpt-4o,7623,458,8081,0.7,20.0,1.6,True,True,openrouter,6bedf08be39787d5b3b4ad9b0cfddae719e076d7a550dc39f72071504820d3ca
openai/gpt-4o,1,10,1,10.0,25.200000000000003,,0,0,5.29,openai/gpt-4o,8249,337,8586,0.7,20.0,1.6,True,True,openrouter,fa795333beecf3e06927eb5b6a5541f935b11f34639d1bda0bc6db935b01b918
openai/gpt-4o,1,10,2,10.0,25.200000000000003,,0,0,5.67,openai/gpt-4o,8369,370,8739,0.7,20.0,1.6,True,True,openrouter,aefc8c09b50b8523e6fd281f488568a6c8a0edebe53c5eb2c2651c4ff70f2d09
openai/gpt-4o,1,10,3,8.0,27.200000000000003,,0,0,3.75,openai/gpt-4o,8400,389,8789,0.7,20.0,1.6,True,True,openrouter,7758c209896d0254c9c745409f418b15c7422160b93683ecf9daf54bb8fadbfe
openai/gpt-4o,1,10,4,10.0,25.200000000000003,,0,0,5.56,openai/gpt-4o,8811,429,9240,0.7,20.0,1.6,True,True,openrouter,b4ab332d6625a6647a5ac17961cce9717aadb0167784c0edf62ae31995a79964
